fecha,porcentaje,anio,semana_iso
2021-01-04,78.0,2021,1
2021-01-11,77.77,2021,2
2021-01-18,77.54,2021,3
2021-01-25,77.31,2021,4
2021-02-01,77.08,2021,5
2021-02-08,76.85,2021,6
2021-02-15,76.62,2021,7
2021-02-22,76.38,2021,8
2021-03-01,76.15,2021,9
2021-03-08,75.92,2021,10
2021-03-15,75.69,2021,11
2021-03-22,75.46,2021,12
2021-03-29,75.23,2021,13
2021-04-05,75.0,2021,14
2021-04-12,74.77,2021,15
2021-04-19,74.54,2021,16
2021-04-26,74.31,2021,17
2021-05-03,74.08,2021,18
2021-05-10,73.85,2021,19
2021-05-17,73.62,2021,20
2021-05-24,73.38,2021,21
2021-05-31,73.15,2021,22
2021-06-07,72.92,2021,23
2021-06-14,72.69,2021,24
2021-06-21,72.46,2021,25
2021-06-28,72.23,2021,26
2021-07-05,72.0,2021,27
2021-07-12,71.92,2021,28
2021-07-19,71.85,2021,29
2021-07-26,71.77,2021,30
2021-08-02,71.69,2021,31
2021-08-09,71.62,2021,32
2021-08-16,71.54,2021,33
2021-08-23,71.46,2021,34
2021-08-30,71.38,2021,35
2021-09-06,71.31,2021,36
2021-09-13,71.23,2021,37
2021-09-20,71.15,2021,38
2021-09-27,71.08,2021,39
2021-10-04,71.0,2021,40
2021-10-11,70.92,2021,41
2021-10-18,70.85,2021,42
2021-10-25,70.77,2021,43
2021-11-01,70.69,2021,44
2021-11-08,70.62,2021,45
2021-11-15,70.54,2021,46
2021-11-22,70.46,2021,47
2021-11-29,70.38,2021,48
2021-12-06,70.31,2021,49
2021-12-13,70.23,2021,50
2021-12-20,70.15,2021,51
2021-12-27,70.08,2021,52
2022-01-03,70.0,2022,1
2022-01-10,69.65,2022,2
2022-01-17,69.31,2022,3
2022-01-24,68.96,2022,4
2022-01-31,68.62,2022,5
2022-02-07,68.27,2022,6
2022-02-14,67.92,2022,7
2022-02-21,67.58,2022,8
2022-02-28,67.23,2022,9
2022-03-07,66.88,2022,10
2022-03-14,66.54,2022,11
2022-03-21,66.19,2022,12
2022-03-28,65.85,2022,13
2022-04-04,65.5,2022,14
2022-04-11,65.15,2022,15
2022-04-18,64.81,2022,16
2022-04-25,64.46,2022,17
2022-05-02,64.12,2022,18
2022-05-09,63.77,2022,19
2022-05-16,63.42,2022,20
2022-05-23,63.08,2022,21
2022-05-30,62.73,2022,22
2022-06-06,62.38,2022,23
2022-06-13,62.04,2022,24
2022-06-20,61.69,2022,25
2022-06-27,61.35,2022,26
2022-07-04,61.0,2022,27
2022-07-11,60.73,2022,28
2022-07-18,60.46,2022,29
2022-07-25,60.19,2022,30
2022-08-01,59.92,2022,31
2022-08-08,59.65,2022,32
2022-08-15,59.38,2022,33
2022-08-22,59.12,2022,34
2022-08-29,58.85,2022,35
2022-09-05,58.58,2022,36
2022-09-12,58.31,2022,37
2022-09-19,58.04,2022,38
2022-09-26,57.77,2022,39
2022-10-03,57.5,2022,40
2022-10-10,57.23,2022,41
2022-10-17,56.96,2022,42
2022-10-24,56.69,2022,43
2022-10-31,56.42,2022,44
2022-11-07,56.15,2022,45
2022-11-14,55.88,2022,46
2022-11-21,55.62,2022,47
2022-11-28,55.35,2022,48
2022-12-05,55.08,2022,49
2022-12-12,54.81,2022,50
2022-12-19,54.54,2022,51
2022-12-26,54.27,2022,52
2023-01-02,54.0,2023,1
2023-01-09,53.65,2023,2
2023-01-16,53.31,2023,3
2023-01-23,52.96,2023,4
2023-01-30,52.62,2023,5
2023-02-06,52.27,2023,6
2023-02-13,51.92,2023,7
2023-02-20,51.58,2023,8
2023-02-27,51.23,2023,9
2023-03-06,50.88,2023,10
2023-03-13,50.54,2023,11
2023-03-20,50.19,2023,12
2023-03-27,49.85,2023,13
2023-04-03,49.5,2023,14
2023-04-10,49.15,2023,15
2023-04-17,48.81,2023,16
2023-04-24,48.46,2023,17
2023-05-01,48.12,2023,18
2023-05-08,47.77,2023,19
2023-05-15,47.42,2023,20
2023-05-22,47.08,2023,21
2023-05-29,46.73,2023,22
2023-06-05,46.38,2023,23
2023-06-12,46.04,2023,24
2023-06-19,45.69,2023,25
2023-06-26,45.35,2023,26
2023-07-03,45.0,2023,27
2023-07-10,44.72,2023,28
2023-07-17,44.44,2023,29
2023-07-24,44.17,2023,30
2023-07-31,43.89,2023,31
2023-08-07,43.61,2023,32
2023-08-14,43.33,2023,33
2023-08-21,43.06,2023,34
2023-08-28,42.78,2023,35
2023-09-04,42.5,2023,36
2023-09-11,42.22,2023,37
2023-09-18,41.94,2023,38
2023-09-25,41.67,2023,39
2023-10-02,41.39,2023,40
2023-10-09,41.11,2023,41
2023-10-16,40.83,2023,42
2023-10-23,40.56,2023,43
2023-10-30,40.28,2023,44
2023-11-06,40.0,2023,45
2023-11-13,39.88,2023,46
2023-11-20,39.75,2023,47
2023-11-27,39.62,2023,48
2023-12-04,39.5,2023,49
2023-12-11,39.38,2023,50
2023-12-18,39.25,2023,51
2023-12-25,39.12,2023,52
2024-01-01,39.0,2024,1
2024-01-08,38.53,2024,2
2024-01-15,38.07,2024,3
2024-01-22,37.6,2024,4
2024-01-29,37.13,2024,5
2024-02-05,36.67,2024,6
2024-02-12,36.2,2024,7
2024-02-19,35.73,2024,8
2024-02-26,35.27,2024,9
2024-03-04,34.8,2024,10
2024-03-11,34.33,2024,11
2024-03-18,33.87,2024,12
2024-03-25,33.4,2024,13
2024-04-01,32.93,2024,14
2024-04-08,32.47,2024,15
2024-04-15,32.0,2024,16
2024-04-22,31.51,2024,17
2024-04-29,31.03,2024,18
2024-05-06,30.54,2024,19
2024-05-13,30.06,2024,20
2024-05-20,29.57,2024,21
2024-05-27,29.09,2024,22
2024-06-03,28.6,2024,23
2024-06-10,28.12,2024,24
2024-06-17,27.63,2024,25
2024-06-24,27.15,2024,26
2024-07-01,27.18,2024,27
2024-07-08,28.53,2024,28
2024-07-15,29.88,2024,29
2024-07-22,31.23,2024,30
2024-07-29,32.57,2024,31
2024-08-05,33.92,2024,32
2024-08-12,35.27,2024,33
2024-08-19,36.61,2024,34
2024-08-26,37.96,2024,35
2024-09-02,39.31,2024,36
2024-09-09,40.65,2024,37
2024-09-16,42.0,2024,38
2024-09-23,43.09,2024,39
2024-09-30,44.18,2024,40
2024-10-07,45.27,2024,41
2024-10-14,46.36,2024,42
2024-10-21,47.45,2024,43
2024-10-28,48.55,2024,44
2024-11-04,49.64,2024,45
2024-11-11,50.73,2024,46
2024-11-18,51.82,2024,47
2024-11-25,52.91,2024,48
2024-12-02,54.0,2024,49
2024-12-09,53.67,2024,50
2024-12-16,53.33,2024,51
2024-12-23,53.0,2024,52
2024-12-30,52.67,2025,1
2025-01-06,52.33,2025,2
2025-01-13,52.0,2025,3
2025-01-20,51.67,2025,4
2025-01-27,51.33,2025,5
2025-02-03,51.0,2025,6
2025-02-10,50.69,2025,7
2025-02-17,50.38,2025,8
2025-02-24,50.08,2025,9
2025-03-03,49.77,2025,10
2025-03-10,49.46,2025,11
2025-03-17,49.15,2025,12
2025-03-24,48.85,2025,13
2025-03-31,48.54,2025,14
2025-04-07,48.23,2025,15
2025-04-14,47.92,2025,16
2025-04-21,47.62,2025,17
2025-04-28,47.31,2025,18
2025-05-05,47.0,2025,19
2025-05-12,48.0,2025,20
2025-05-19,49.0,2025,21
2025-05-26,50.0,2025,22
2025-06-02,51.0,2025,23
2025-06-09,52.0,2025,24
2025-06-16,53.0,2025,25
2025-06-23,54.0,2025,26
2025-06-30,55.0,2025,27
2025-07-07,56.0,2025,28
2025-07-14,56.79,2025,29
2025-07-21,57.57,2025,30
2025-07-28,58.36,2025,31
2025-08-04,59.14,2025,32
2025-08-11,59.93,2025,33
2025-08-18,60.71,2025,34
2025-08-25,61.5,2025,35
2025-09-01,62.29,2025,36
2025-09-08,63.07,2025,37
2025-09-15,63.86,2025,38
2025-09-22,64.64,2025,39
2025-09-29,65.43,2025,40
2025-10-06,66.21,2025,41
2025-10-13,67.0,2025,42
2025-10-20,66.67,2025,43
2025-10-27,66.33,2025,44
2025-11-03,66.0,2025,45
2025-11-10,65.67,2025,46
2025-11-17,65.33,2025,47
2025-11-24,65.0,2025,48
2025-12-01,64.67,2025,49
2025-12-08,64.33,2025,50
2025-12-15,64.0,2025,51
2025-12-22,63.67,2025,52
2025-12-29,63.33,2026,1
2026-01-05,63.0,2026,2
2026-01-12,62.65,2026,3
2026-01-19,62.29,2026,4
2026-01-26,61.94,2026,5
2026-02-02,61.59,2026,6
2026-02-09,61.24,2026,7
2026-02-16,60.88,2026,8
2026-02-23,60.53,2026,9
2026-03-02,60.18,2026,10
2026-03-09,59.82,2026,11
2026-03-16,59.47,2026,12
2026-03-23,59.12,2026,13
2026-03-30,58.76,2026,14
2026-04-06,58.41,2026,15
2026-04-13,58.06,2026,16
2026-04-20,57.71,2026,17
2026-04-27,57.35,2026,18
2026-05-04,57.0,2026,19
